id,tweet_id,username,token_name,token_symbol,requested_at,deployed_at,tx_hash,token_address,status,tweet_url,parent_tweet_id,image_url,image_ipfs,salt,predicted_address
1,1938317785689465323,deployonklik,Deploy On Klik,DOK,2025-06-26T14:25:47.137336,2025-06-26T14:26:37.248282,0xafef6df990bcb96a551a61309d8719ebe8bb9bc6cc46406e207dec688b881f1b,0x69ca61398eCa94D880393522C1Ef5c3D8c058837,success,https://x.com/DeployOnKlik/status/1938317785689465323,,https://pbs.twimg.com/media/GuZIr1BWMAA5s80.jpg,Qme5MuxELnErrP4hnjVXoGUbJHZeWQJVtgbTA9SY5BddDT,0x869c6ba66603eb51067e69ac9f74278632c650567bf085d5a20e12344726a1dc,0x69ca61398eCa94D880393522C1Ef5c3D8c058837
2,1938319932049276930,100xfiend,Meth,METH,2025-06-26T14:34:21.980785,2025-06-26T14:34:35.666865,0xabaf0b280556ab44f939319231c8291f48330166f4f7461623e286c23e8741fd,0x1d2CE05576E3fca2aBa41A52d51D61ab2a7b14F7,success,https://x.com/100xFiend/status/1938319932049276930,,,,,
3,1938320021643768315,melioeth,alpha,ALPHA,2025-06-26T14:34:43.061574,2025-06-26T14:35:13.142707,0x0020acc3aa7890da78e38f02e82d592a3e26de5b1de8fa1137dca5ebb009f2a1,0x1775225500a87E5699d4CfA0Ce80D6d2f34FbCAC,success,https://x.com/melioeth/status/1938320021643768315,,,,,
4,1938320287210344715,100xfiend,Recstars,RECSTARS,2025-06-26T14:35:46.323669,2025-06-26T14:35:59.445428,0x499a0bfb6127df0af45ebd78d5110912c09ef27dab8ed696baee3c441770ba04,0x952aa38d6d41Dd437Bcb39f6C8368a18Fa30E3Cd,success,https://x.com/100xFiend/status/1938320287210344715,,,,,
5,1938321301954826702,ddiimax,Test,TEST,2025-06-26T14:39:46.920591,2025-06-26T14:40:12.163036,0x8913a632a1664a94bf2c2a0f146b50028ce6f15bbedb022d34ca756ec6a789a0,0x148A59D02A5F098fb8D3762767Ee35BBC42286c8,success,https://x.com/ddiimax/status/1938321301954826702,,,,,
6,1938321490321256836,yamonft,Yamo,YAMO,2025-06-26T14:40:31.929187,2025-06-26T14:40:59.254171,0xe35932e1f7344c28d897b75653080037b77c92e5bf34bc743751dd22978356ba,0x59C2076962670ED4Fb5ABCf2fAC53fDe78aD2EE0,success,https://x.com/YamoNft/status/1938321490321256836,,,,,
7,1938322683881455991,yamonft,Dok,DOK,2025-06-26T14:45:17.830721,2025-06-26T14:45:35.354307,0xaa2c80899d0ed037587a39cf6ecb670fc8dfcdc77173d7df98c87329bb47b889,0xAEA968f726DDFC4663574eecdb7e5D0ed7B20eBf,success,https://x.com/YamoNft/status/1938322683881455991,,,,,
8,1938329048058573288,ddiimax,Test,TEST,2025-06-26T15:10:33.602143,2025-06-26T15:10:47.891243,0x19ce8511338f038107f141c97e83ec80256e3de353166c63f6b4cbeeda748dbc,0xb96c044f7964E47F915d919a9e17A7Aa191F1866,success,https://x.com/ddiimax/status/1938329048058573288,,,,,
9,1938353881928642859,runecrypto_,Test,TEST,2025-06-26T16:49:14.545784,2025-06-26T16:49:35.492817,0x397e67cec840057d1bd4d6903209ee49047500b8fb67f406f44ea932ccedfb80,0x87E7A46376aC27f8105D44fC275101BaA1DB5B05,success,https://x.com/RuneCrypto_/status/1938353881928642859,,,,,
10,1938357306313609268,0xfiro,Klinkr,KLINKR,2025-06-26T17:02:52.688058,2025-06-26T17:03:11.508741,0xa9732e9a691b69884c99f1f0f88235d8858b63b5456239ff03d0f1ddf43d3347,0xf82B01c885BCD70C5670B221A0fC1299E81520cE,success,https://x.com/0xFiro/status/1938357306313609268,,,,,
11,1938360720711635044,ivan_phl,Drgn,DRGN,2025-06-26T17:16:27.117593,2025-06-26T17:16:35.988954,0x675e224dd0f7f84bd104a620d0c2530143121b166bd6e7eb31ff454f680150aa,0x4F260E97b4c0ca3F9c29E8002162a2D1D8d1b139,success,https://x.com/ivan_phl/status/1938360720711635044,,,,,
12,1938390450915664015,eagleeyescrypto,KLIK IS FOR SCAMMERS”,KIS,2025-06-26T19:14:33.933296,2025-06-26T19:14:59.928376,0xef1ce3e4be278f46090b30032cb1cf362fe47293fd508a1705713086706d5379,0x2c0c38ef4142051e028a29fd08FaA96cF9e94123,success,https://x.com/EagleEyesCrypto/status/1938390450915664015,,,,,
13,1938403083438178424,grok,Bull,BULL,2025-06-26T20:04:46.572676,2025-06-26T20:04:59.203303,0x5ee314d1a89a60d58a96e4e9460982af63668c8cfc20e94005b0d7011f3afcfc,0xD389AB2cdC612c7E26386b7B7b469bea17511383,success,https://x.com/grok/status/1938403083438178424,,,,,
14,1938404769770434860,arbernaut,Pika,PIKA,2025-06-26T20:11:29.479012,2025-06-26T20:11:35.818286,0x39f7bf7c4a18efe4bb9062a68357327c200a14611949c1050abd1ed6d32706f2,0xd55C56F8f0E2C7d1B58727B2dF98F6514CbE549f,success,https://x.com/arbernaut/status/1938404769770434860,,,,,
15,1938404836304621956,0xzyaf,Y,Y,2025-06-26T20:11:44.721028,2025-06-26T20:12:10.971775,0xcb6ada1319aad72e5620231512d3ac8a8a9271964015bb43bd4c390a07c82d5f,0xFd81aD699a5DB31090e6552c7425a339DBA7370b,success,https://x.com/0xZyaf/status/1938404836304621956,,,,,
16,1938404969197064232,iamcodeneo,Bull,BULL,2025-06-26T20:12:14.602733,2025-06-26T20:12:23.184398,0x31b84775a29dc0eaaee36d0c1644fa532f08a23db906e651aaa9698431cb093d,0xec58424846cdaDDB4dE11e7D9db57826558C8109,success,https://x.com/IamCodeNeo/status/1938404969197064232,,,,,
17,1938405012046028988,aliceterminal,Bull,BULL,2025-06-26T20:12:26.579815,2025-06-26T20:13:11.121499,0x65cf25ff8f41437673b9ba3ab1756c628a1a701d4dc291e8bf8e2f9814c8aba5,0x61492567cACfc573fFe7b05B685bD02f1874B0cC,success,https://x.com/ALICEterminal/status/1938405012046028988,,,,,
18,1938407702621000052,saiyajin9001,Y,Y,2025-06-26T20:23:06.978756,2025-06-26T20:23:23.199821,0x61aabb9be12b35e039a833a003756e7c068a1e7642d611bb89654b379d635465,0x09a985493A16B30C0597eE57ED34510411650c46,success,https://x.com/Saiyajin9001/status/1938407702621000052,,,,,
19,1938408199817990181,navicooks,Y,Y,2025-06-26T20:25:04.557492,2025-06-26T20:25:11.622393,0xfdea4ffc13034383bf12db3d6ab834fd2e12032ea8b01cf4b08ad96aaf55ff3a,0xD609a69c22128291144EFA69A44426a6095ED442,success,https://x.com/navicooks/status/1938408199817990181,,,,,
20,1938409069099851998,chrisdigitals,ercxbt,ERCXBT,2025-06-26T20:28:31.912052,2025-06-26T20:29:11.374725,0xdb8611fd192d47b901e609224fea232f76b810a6a48add193678758205e07d19,0xC2F1C10Fd7A9377ba2BA56e462DD77F46E8363e0,success,https://x.com/Chrisdigitals/status/1938409069099851998,,,,,
21,1938410862684864878,0xspoder,Z,Y,2025-06-26T20:35:42.064307,2025-06-26T20:35:47.517866,0xb8bc0b149bb3f1112df2459a5dcefff26809b4fc53754159f1834d5345083f0a,0xb1B47e36A9e84F05b44C3e2FEF85ff41E6F534D5,success,https://x.com/0xspoder/status/1938410862684864878,,,,,
22,1938411075759689780,askperplexity,Bull,BULL,2025-06-26T20:36:30.153569,2025-06-26T20:36:59.330260,0x67fba7392c5cf358e6acc6e89e939c086c4a4bac90e18d09b7070e2a68caf779,0x9849442023272916817492C8a2c7AD9509587a9B,success,https://x.com/AskPerplexity/status/1938411075759689780,,,,,
23,1938412474992349496,saiyajin9001,Ethaeagle,ETHAEAGLE,2025-06-26T20:42:45.665624,2025-06-26T20:43:00.041815,0x670cf70481956717c8af9fb8a2623b51b2b79c3d3a01920f20e3e8e88d73f81e,0x0B7F066b1f57f0FE80c5635FA8F2A830D648d5a9,success,https://x.com/Saiyajin9001/status/1938412474992349496,,,,,
24,1938412801489518916,aixbt_agent,Bull,BULL,2025-06-26T20:43:21.978988,2025-06-26T20:43:47.429965,0x6fce23ede6559f45907a379135dca24b6de1c80b0e7078131ef51b7be36e5f9b,0x26429363Ee18Be5F70F19eCF67C0DC1dCD0F0929,success,https://x.com/aixbt_agent/status/1938412801489518916,,,,,
25,1938414289683157031,yiboyun613,Klikdok,KLIKDOK,2025-06-26T20:49:17.150247,2025-06-26T20:49:23.103276,0x5c372f4d57286b641449004f382a35ca4fd547497e77e167176f593f1652f78c,0x80a87bF97af6d6D682B2DD5D7F36180b10522176,success,https://x.com/yiboyun613/status/1938414289683157031,,,,,
26,1938418042570191219,ponzisseur,Entrance to Hell,ETH,2025-06-26T21:04:11.908299,2025-06-26T21:04:22.780252,0x6abe9d5154e55b9d0164382976cd7b15bc7b7f2e074d5921b72b7cc26110d789,0xf9271e2D413433183784853E268e03D7787a5d86,success,https://x.com/ponzisseur/status/1938418042570191219,,https://pbs.twimg.com/media/Guak76ObEAEZpm3.jpg,QmQitx7BEkTFCpAkTNR55mFXhEK4vxh3rvK5pJviHwUWuL,,
27,1938428862146519139,1stzhyx,Bear,BEAR,2025-06-26T21:47:12.500736,2025-06-26T21:47:23.179396,0x6cc70dd36af2475d52285dc3209fb6a5b7da14a0b6731c836f156207f91a47bc,0x6922224EC4926Da922686fFE9a2da846D5B87Cf0,success,https://x.com/1stzhyx/status/1938428862146519139,,,,0xa15a4ef718d0f709a9a983782019b95aea2789f55829567d10c14ba364d0abc9,0x6922224EC4926Da922686fFE9a2da846D5B87Cf0
28,1938429056829333648,bankrbot,BANKRBOT,BNKR,2025-06-26T21:47:57.558547,2025-06-26T21:48:11.857393,0xa86bacb60f4ddaf0bd81a935dea439afb91b5d3cf1c6757f80d65dfcbaa35df2,0x69591465121aDe6463b17f4ade6b190Bd328CD40,success,https://x.com/bankrbot/status/1938429056829333648,,,,0x25982871fc61af71a540f6685c0a837c7b426f0ef140c7446669e3904250654e,0x69591465121aDe6463b17f4ade6b190Bd328CD40
29,1938439100471677108,usic_labs,Y,Y,2025-06-26T22:27:53.949904,2025-06-26T22:28:11.724844,0xe3991ac7af5fe5b4d3374b3a7c05d5755c757af02396d47eb7e0810cd0820ea0,0x69956bc1D5a43202D0849DEdE41c6de98F8b77F7,success,https://x.com/USIC_LABS/status/1938439100471677108,,,,0x3d8f16fb522bca33b3d8c9492399fa392cd42f8cfb500d05d519f90451a98817,0x69956bc1D5a43202D0849DEdE41c6de98F8b77F7
30,1938442249446326653,gretitypeshit,Altcoin,ALTCOIN,2025-06-26T22:40:22.781205,2025-06-26T22:40:35.475619,0xddc47f49d153a44764ffb1bcd47857f8305d09e61da0c70e0aaf58c438018dd5,0x691BfCAcC4571b8A40886a74C3f2F5Be36EA50a3,success,https://x.com/Gretitypeshit/status/1938442249446326653,,,,0x2fd9680955b1f0298f2bbb7cfa0a43fc1349bdfba1415253d0cc96006d73cb35,0x691BfCAcC4571b8A40886a74C3f2F5Be36EA50a3
31,1938450928925020517,stacco__,Joyful June,JUNE,2025-06-26T23:14:53.963862,2025-06-26T23:15:01.225532,0xc0d695da65b803b03269b71b5a68e9e8ca7c0c4713706a6916a2c5c957214c11,0x69F9941D751917E7Abca06B7e3658Dc0E8653fbf,success,https://x.com/Stacco__/status/1938450928925020517,,,,0x5ef6c9346a24469cd4e967e8cf5ffcdffaa038ec2c147b7707a0c9649e6d0dcd,0x69F9941D751917E7Abca06B7e3658Dc0E8653fbf
32,1938466770521640972,gretitypeshit,Flywheel,FLYWHEEL,2025-06-27T00:17:50.769158,2025-06-27T00:18:25.079355,0x4d8f240be7d6ef4296f2b5a25fbb2b7d6fb42979cc49c9f4b453eeed005c6943,0x695d8ECE24B5Cf173e42bef360F9bD452cA21057,success,https://x.com/Gretitypeshit/status/1938466770521640972,,,,0x7896ae94a83f5b4e0e4f3d01501d7aaebd2d2720090db66b1c6c046e725e2d59,0x695d8ECE24B5Cf173e42bef360F9bD452cA21057
33,1938498137859232229,gary66eth,Dok,DOK,2025-06-27T02:22:28.712330,2025-06-27T02:22:38.358332,0x2744c0ac63e895608123ef3714da135d13718d9963171eca6a6593b35cc428aa,0x695BE502a7bDbe0853C4eEEd13c4Ada803FA53Ce,success,https://x.com/gary66eth/status/1938498137859232229,,,,0xdb114dcfa8361ca664e7ba3b1536f2893c77b6072c85574eb617c54537a36f64,0x695BE502a7bDbe0853C4eEEd13c4Ada803FA53Ce
34,1938503583336423896,memeslistings,Dok,DOK,2025-06-27T02:44:07.116316,2025-06-27T02:44:37.118362,0xac1ec35adc5b2d985abc3ee9d96850f764545b1c5aa8a7d186e7f60887e56138,0x69F3Cd69dA6a20175A293F44797670E121D42aB9,success,https://x.com/memeslistings/status/1938503583336423896,,https://pbs.twimg.com/media/GubyupkWcAAs8g1.png,QmUfUKTGeXZAcVhwjw4fMYLfZMBFbAQ32NytsXVASEkipc,0xc32547bfe1bfabee1cc58fa51c82aa08354a0b1733d5852bbb7636b88612ef49,0x69F3Cd69dA6a20175A293F44797670E121D42aB9
35,1938543893857051038,tokyo_hunterx,Dok,DOK,2025-06-27T05:24:16.632045,2025-06-27T05:24:30.916270,0x9574533117a1c201dab18549f057cc41b8de436e63588b9d6f98001c7e95ff5f,0x69cea88ce16Ae15854B0B6585D50EE171e0C6060,success,https://x.com/Tokyo_HunterX/status/1938543893857051038,,https://pbs.twimg.com/media/GucXZfTbgAAn7dJ.jpg,QmRj5ZajgBF41dbQoH5EmqihYRp1jkJH14LFz3VfrDvLWx,0x8f2b08971ad0e145b64cf555f3d76fb8b709a577a17b8ed9285c47016b1af2c6,0x69cea88ce16Ae15854B0B6585D50EE171e0C6060
36,1938547118316343377,bankrbot,Dok,DOK,2025-06-27T05:37:07.095430,2025-06-27T05:37:17.103225,0xe5e27adda7130b8d2f777de0f8cfb649fea0030c645d71d367b021de608a8ff5,0x69067C547f4B786017C9361350CD5A9331b18cc3,success,https://x.com/bankrbot/status/1938547118316343377,,,,0x5d9171c4dacdba44e731a75449406b4148cddf6dfa4964ba205d910bd88f60bc,0x69067C547f4B786017C9361350CD5A9331b18cc3
37,1938557357111513352,swftcoin,Dok,DOK,2025-06-27T06:17:48.671658,2025-06-27T06:18:01.247367,0x4fd8a8d63efb94d17458f0968294805a900f8bea5c10d20e4f4690c2d792a10f,0x69002FF989ab7035457A0720F7f249BCf88f6536,success,https://x.com/SwftCoin/status/1938557357111513352,,,,0xf5a6bf107e20f39a75a64a4f9afc9ed67cea8ca9df29603a9b230cfdbf8110e9,0x69002FF989ab7035457A0720F7f249BCf88f6536
38,1938561792487346448,melioeth,Grok4,GROK4,2025-06-27T06:35:27.161222,2025-06-27T06:35:38.189729,0x1ced3a461210324dac858f2e3a9e2184d54eb2823ec4e78b7b934630e8962ba8,0x69333FE6DBe8B96e3d0c894c942bcA90b3d54dB8,success,https://x.com/melioeth/status/1938561792487346448,,,,0x434191489b1c157b8e7524e922ff3633cc5b9bc96a8a4361e6d7af201da2c430,0x69333FE6DBe8B96e3d0c894c942bcA90b3d54dB8
39,1938562803947962842,aixbt_agent,Moon,MOON,2025-06-27T06:39:27.751091,2025-06-27T06:39:49.446338,0x2876b36cc32a0cc337238b70aea74df3f05019a3951c370f2cc3d5e763e35e27,0x692Ea3f6E92000a966874715A6cC53c6E74E269F,success,https://x.com/aixbt_agent/status/1938562803947962842,,,,0x9b8fb5da94a273a4692b0f2524332eda1e9d51e92078283b2e12f6f30ecbab54,0x692Ea3f6E92000a966874715A6cC53c6E74E269F
40,1938563390055780626,zhuilong888,Dok,DOK,2025-06-27T06:41:46.087267,2025-06-27T06:42:02.365224,0xf0de09bfdbc0c54dd1c320211c7b39eb476ba2b7b29b60ffa5e6a90ec1a93db7,0x697eEb821e23302b7dC95b32A0e09A22a8Bf0D20,success,https://x.com/zhuilong888/status/1938563390055780626,,,,0x4c76f99b7e92c0bc3c45267930c2d41c8c1eab37efeb78b3eae3c2d4b7ba2793,0x697eEb821e23302b7dC95b32A0e09A22a8Bf0D20
41,1938584440629764285,cryptic_maestro,Dok,DOK,2025-06-27T08:05:24.485892,2025-06-27T08:06:12.750432,0xeb7172c91d9c76ba1273635a71d1fe53a05e6941cf52401e06c8629992d9d87d,0x696fD47db043ecafacF759410385A5B3693C3cE3,failed,https://x.com/Cryptic_Maestro/status/1938584440629764285,,,,0x3d80c17433e93786fe8c3444546d315ca17eccd700248d44c0749175ba1c065c,0x696fD47db043ecafacF759410385A5B3693C3cE3
42,1938585195898417293,btc2ai,Dok,DOK,2025-06-27T08:08:26.871722,2025-06-27T08:08:36.414840,0xb9889aef261c898971559f03dbca72baea8453b10556fd58e389e06873258805,0x6968f6416e73f9c99bACe173CdAa8C1DBEAcd13d,success,https://x.com/BTC2Ai/status/1938585195898417293,,https://pbs.twimg.com/media/Guc88-sacAAH3by.jpg,QmRj5ZajgBF41dbQoH5EmqihYRp1jkJH14LFz3VfrDvLWx,0xc88e85473c40cc8946707d2047b547715bc5d46a241e41008bf735fbff7286e6,0x6968f6416e73f9c99bACe173CdAa8C1DBEAcd13d
43,1938592962600206694,grok,Fomo,FOMO,2025-06-27T08:39:16.824729,2025-06-27T08:39:24.764008,0x03b288d3a900c820a23934ed942fc814f808621a06cda7215709984b5f889a20,0x69E1Fd8F332cCDf5041BdDe28C497f4c39d82307,success,https://x.com/grok/status/1938592962600206694,,,,0x47af408b27726da60a755952d04161e47682333b3f65fa0c7f8a1554ceb01da9,0x69E1Fd8F332cCDf5041BdDe28C497f4c39d82307
44,1938650380495122629,askperplexity,Plxty,PLXTY,2025-06-27T12:27:26.675348,,,,pending,https://x.com/AskPerplexity/status/1938650380495122629,,,,0xd5d6daaef2f73f0be0939a858e0c8988628b701320abe8e71b2a5869f35b29f0,0x69f6A6d8bC69a1ec74cC7d7b0D5C66f3d830032D
46,1938745647332762063,0x_maeko,Neuralink,NEURALINK,2025-06-27T18:45:58.197111,2025-06-27T18:46:12.330822,0x1beb342591f786cb428feb72bc8d46aa0eeee11d93a03bc955cdd77a5288947a,0x69c691bf2Ea25E7eE47f76Fa49FafB431Bff90a8,success,https://x.com/0x_Maeko/status/1938745647332762063,,,,0xa461dae5757547a146064996907fdb90f470bf5bf5ad99743a4d06249c1f2a45,0x69c691bf2Ea25E7eE47f76Fa49FafB431Bff90a8
47,1938754301213671615,notbolsaverse,Y,Y,2025-06-27T19:20:25.072411,2025-06-27T19:20:49.736392,0x3f7263f7f2eea05e5bedf9a1bab5fb016a22b24049d4781f588c9d6138980bcb,0x692F88FFd9ea480070654761bf1fDFbAA5F474b1,success,https://x.com/notbolsaverse/status/1938754301213671615,,,,0xffcb03703c463536b01dd3da0bd993359ec9ae9f78805a53d6b8f5ca16d74de7,0x692F88FFd9ea480070654761bf1fDFbAA5F474b1
48,1938792325486166505,todamoon69,Test,TEST,2025-06-27T21:51:29.744330,2025-06-27T21:51:36.463408,0x862cd3697006baea433d83c4208063cbdc61aa9f15a65ef7a8315636f5001fc8,0x6963012092e27Ebd07D6CB6BAC0027467af417A9,success,https://x.com/todamoon69/status/1938792325486166505,,,,0x09ba232f0316b136a7b7aaa0dec3db25e1990eadeb4eae2fd5f23ddbf1f5d8f6,0x6963012092e27Ebd07D6CB6BAC0027467af417A9
49,1938811541635338485,idekun321511,Y ?,Y,2025-06-27T23:07:49.824393,2025-06-27T23:08:00.163427,0x2c80b8eca73e88f1b143a050b1b6d073cfb1210141f79bc1e5273d6c4b359745,0x6969B8C8377162a8067ea3BC27CbcF40930bb0e1,success,https://x.com/idekun321511/status/1938811541635338485,,,,0xfaba8c05e0f5641b14e29dcf205e31756eaf6972f0f748efd65d780caabe4425,0x6969B8C8377162a8067ea3BC27CbcF40930bb0e1
50,1938847577333735474,vijayanvishnu2,Kapow,KAPOW,2025-06-28T01:31:02.696840,2025-06-28T01:31:13.102360,0xcd866685fcca91c681abe6bb38a32b6887b21e6b48230ff33678fc4e24dfe7b5,0x69CC9d9B32769215CcE0543467E7A5818f84000f,success,https://x.com/Vijayanvishnu2/status/1938847577333735474,,,,0xb5013ba1daa4b68189a8b050238676a658d2d0a1e2cb90ddedbf318e6384f322,0x69CC9d9B32769215CcE0543467E7A5818f84000f
51,1938875668252778642,kingtenryuubito,deploy funding,FUNDING,2025-06-28T03:22:40.101016,2025-06-28T03:22:53.900307,0x3c335d3e0f6f04817d2e5ca9b5b4e8ea9a43ff150d7180908638b35ee1d0c48b,0x6984cC296d791D31CE4efCf7569842f7279df76C,success,https://x.com/kingtenryuubito/status/1938875668252778642,,https://pbs.twimg.com/media/GuhFJVpaoAIXLl3.jpg,QmdMDLwRMNvX8NhkBS4Jp87bTTtjn8bvx9XXBD7w4WAudg,0xf29e3707eb2d447e3619ee778977c15910071b47a33e97573f5b3eed6219dc92,0x6984cC296d791D31CE4efCf7569842f7279df76C
52,1938877913568616878,0xqingfeng8,name,TICKET,2025-06-28T03:31:36.039058,2025-06-28T03:31:48.545332,0x49fee6d2c9d80a2176d8bbad386976a9320f013a69b839af46376a9a520d656f,0x69712Eb9C5e9597cEF75cBe9D29336E9C38fb695,success,https://x.com/0xQingfeng8/status/1938877913568616878,,,,0x94228f09c6c274f128ff2fb4a5df440cb66a3c55b96ec01dc3ef047f68c4083b,0x69712Eb9C5e9597cEF75cBe9D29336E9C38fb695
53,1938878455417913562,onchainpicasso,Fart,FART,2025-06-28T03:33:44.641969,2025-06-28T03:34:01.091307,0x877f8ab86f6d59fc8bea5a1e0088cd8013fa972485b25ec0f1e0697666c62031,0x69EEc4C793A8119239fb409CCC46C7Ae4e61E0C0,success,https://x.com/Onchainpicasso/status/1938878455417913562,,https://pbs.twimg.com/media/GuhHkY0WsAAkVtm.jpg,QmPmNLdTXG153sGhgUw6PRQnUE5PJT483AQXhAJcUNQdHd,0xde23b4f18e23fee33b0650fd077412defa8c4a54d792f95e0f5da80b0edf4b35,0x69EEc4C793A8119239fb409CCC46C7Ae4e61E0C0
54,1938879482464760118,bankrbot,BANKRBOT,BANKR,2025-06-28T03:37:48.904335,2025-06-28T03:38:00.639662,0x353906137488b500e03c662ee6c88eb976d0c1c41f02866effb82f6664513084,0x69294040F4a49CBBFdE1A5c51c9bDEFdb990C4FD,success,https://x.com/bankrbot/status/1938879482464760118,,,,0x607931700901aa9e3ed6207796f060f471e620f5462b5c448c34b8a16eceeea5,0x69294040F4a49CBBFdE1A5c51c9bDEFdb990C4FD
55,1938882671809053079,aigov_agent,Aigov,AIGOV,2025-06-28T03:50:30.044391,2025-06-28T03:50:38.073380,0x4649e89c0357fb3e698b65dbc099f8c09d7b1c8e1cfcc4d97c31be86c559d7b6,0x694ecf7dc002a3324F00CD193899297B832Bd4e9,success,https://x.com/aigov_agent/status/1938882671809053079,,,,0x0dffa5dc30f87552f003de32a8c3e6daf27a35d6056aaf9b68f7865c54021326,0x694ecf7dc002a3324F00CD193899297B832Bd4e9
56,1938890444626370848,fidbase,FAIRCASTER,FAIR,2025-06-28T04:21:22.428878,2025-06-28T04:21:37.128091,0xcbe528ef6cd0eab583eb6512392b203ac86bd4327d8bcbbe1d88f206e2a66178,0x696596A1f34C0675fe156820379157C1a4bf578F,success,https://x.com/fidbase/status/1938890444626370848,,,,0xba435c3cf8a8384b67a8b45d91194c8bb212d426e3bbaa4e99677e497a863d52,0x696596A1f34C0675fe156820379157C1a4bf578F
57,1938890766077907425,basedegentoken,Degen,DEGEN,2025-06-28T04:22:40.383921,2025-06-28T04:22:49.342299,0xc6c8cff9f95b099d7ee83c2102c528eaf11502225191076a24d327e6217a0abc,0x699Ac3BBBE920F02e4ACE53A4340f070080C861a,success,https://x.com/basedegentoken/status/1938890766077907425,,,,0xbc4605123ded43668866389e5ef306e78d05bab10b9ccd1d874b9496c770da06,0x699Ac3BBBE920F02e4ACE53A4340f070080C861a
58,1938894621972799528,leduc_03,VITALIK,VILTA,2025-06-28T04:38:00.618814,2025-06-28T04:38:13.131926,0x71744736569a7288fe8dcfe9dba75096ffaa7b75cc81dc08f63d0327482c12e5,0x6950C841155e84C52bC0e6fAAaE693ecB1692515,success,https://x.com/LeDuc_03/status/1938894621972799528,,,,0xfe90048770af2972a805581d40bba6fca1fd1f72456f480dbafdd5a9f37cada0,0x6950C841155e84C52bC0e6fAAaE693ecB1692515
59,1938898206773125228,melioeth,A13B,A13B,2025-06-28T04:52:14.778317,2025-06-28T04:52:29.642320,0x9e9fb281697859b94427de33e516ca21cb3fa1167c4ecb50fe3d7e3fceeb120e,0x6978b75178CA32f85b5cE7A15e6E0Bf5FCD08Bd3,success,https://x.com/melioeth/status/1938898206773125228,,,,0xe6c278f97b444f172f823313ec6eea06eac4043a0f0f6ea34a2b84caa920436b,0x6978b75178CA32f85b5cE7A15e6E0Bf5FCD08Bd3
60,1938902320533885346,massy_0828,DIGITAL ID,DID,2025-06-28T05:08:35.282312,2025-06-28T05:08:49.149301,0xf8e20ec550eea450448b3657665352c6a91068988254c142d6079f7d114f4091,0x69f198a89bA823E010EE5F168Be81D6B4eE9758a,success,https://x.com/massy_0828/status/1938902320533885346,,,,0x30faeb6dbcbd3572333ab64cbc053602918cfc52216f582bbece882a679318d7,0x69f198a89bA823E010EE5F168Be81D6B4eE9758a
61,1938923455422046454,alvaapp,Alva,ALVA,2025-06-28T06:32:35.545120,2025-06-28T06:32:49.463874,0x625f2f4b282baa0727c13931018ad52c80e2668bc70067ec99ab3fa27c8a9590,0x69B15E5C3e9AD369Ab1d685C45539C07ED21B56b,success,https://x.com/AlvaApp/status/1938923455422046454,,,,0xf0409dad4dc58c50b27e89aaf44b940b93eb8ba7fd1d54325200bc50731caed2,0x69B15E5C3e9AD369Ab1d685C45539C07ED21B56b
62,1938998215271166112,yh23336910,DIGITAL IDD,DIDD,2025-06-28T11:29:38.740998,2025-06-28T11:30:00.657987,0xe429890663d5045e108188a32e6fae9dd3a7fdf7179a39ac5d0d5e4916a9c54e,0x69c86f623b74D279c0C3f10a39f0226c9c49fB45,success,https://x.com/YH23336910/status/1938998215271166112,,,,0xf4c7628188378c62956d42f19b99c3878cb76948fc21d36da71698bcdd70b09a,0x69c86f623b74D279c0C3f10a39f0226c9c49fB45
63,1938998710664364363,leo_stract,Y,Y,2025-06-28T11:31:35.494387,2025-06-28T11:31:48.735674,0xfc822086862ce4325001b7d926df1540a22518b1b7ef2ba6152aba3bc9a6775d,0x6948A7EE824f7bdc603F188Fc689cF126958fE1f,success,https://x.com/leo_stract/status/1938998710664364363,,,,0x6260aa8c727b9f40022e05955d255332e56381ff5331f81ffda41449c6325fc4,0x6948A7EE824f7bdc603F188Fc689cF126958fE1f
64,1939023446857355693,notbolsaverse,Y ?,Y,2025-06-28T13:09:52.276078,2025-06-28T13:10:12.592324,0x284545078f80f2055e9c799ac3dfefd0cc4618ee21d66c613a397554136e9762,0x6978f4D160E842085c855CF25d60FFdc50A275f2,success,https://x.com/notbolsaverse/status/1939023446857355693,,,,0x004ab4eae7f99fe384a2e594731cfb246be7cc71b7e6e297268a4edbee85d163,0x6978f4D160E842085c855CF25d60FFdc50A275f2
65,1939029132219646426,askperplexity,Perplex,PERPLEX,2025-06-28T13:32:27.830260,2025-06-28T13:33:00.966377,0x5aa34fd3b05a434c2582b0f4ad25d0c8485d106af918721ea928470438ec2fce,0x69e85FD12F44935f64c542e91d181950F1014a37,success,https://x.com/AskPerplexity/status/1939029132219646426,,,,0xbfbb773c73427e4f9d081f1200dcea4f097f5289abe21c29d2a21bfc395e431c,0x69e85FD12F44935f64c542e91d181950F1014a37
66,1939029432687317282,ashman_btc,Perplex,PERPLEX,2025-06-28T13:33:39.956707,2025-06-28T13:33:50.072344,0x66091744a0641f387e68431fce3cf15b832dc2698c95c589972d217b36c49306,0x69a88A061aCeD8E060028f6B12CE19D4A791d68E,success,https://x.com/ashman_btc/status/1939029432687317282,,,,0x3f6c12712423dee4637f5d3e8dff7a934fd4041c8b8d9a7d67e5cfd71717e15b,0x69a88A061aCeD8E060028f6B12CE19D4A791d68E
67,1939041268887363615,aandreee20,Regen,REGEN,2025-06-28T14:20:43.223833,2025-06-28T14:21:00.651807,0xb523348ebf47735dd1b0c551fa50ff7bd5f4ae7aa5e0967142df1fe2f25b5e22,0x6949f6aa7Ba75c4eA6c819d890aa885268a1DCd2,success,https://x.com/Aandreee20/status/1939041268887363615,,,,0x0fa5d45032bec226a6c9d879e526d867f30806dcc50435c8ad888668908d64da,0x6949f6aa7Ba75c4eA6c819d890aa885268a1DCd2
68,1939045474226307095,lilregdawg,Not Vitalik's Dog,NVD,2025-06-28T14:37:24.178817,2025-06-28T14:37:49.022705,0xd070cc6e3c3ea013823b480f5119d4f44d58dd8ffb61e727d0162b106a7e284a,0x690ef89eA94F4339B2935718026FaCC8b17AC63a,success,https://x.com/LilRegDawg/status/1939045474226307095,,,,0xca54c9b16cad7d7a07c838925876a5a8311a765e8aeb6e2b38a2432d51d988cc,0x690ef89eA94F4339B2935718026FaCC8b17AC63a
69,1939052462855594289,agentwyck,Wyck,WYCK,2025-06-28T15:05:12.835466,2025-06-28T15:05:24.847010,0x7902fbc57404b9b65098f9b47b91aa4b227be13fcc21c0bf3ee7b1387c5361c4,0x692D21B52ECd20B24846cd4f6249A6892047D2f8,success,https://x.com/AgentWyck/status/1939052462855594289,,,,0x9ad37886d8fc46f0a43a5f11bec60c654a065b5e7c28105b2984c99e79373600,0x692D21B52ECd20B24846cd4f6249A6892047D2f8
70,1939054195451298244,skilt382,Ww3,WW3,2025-06-28T15:12:04.854293,2025-06-28T15:12:24.586679,0xd0c3fa5dbed5cfce8e2dac86f94a53329a99cd851b38121ee403bbbabfb9500a,0x699a34C3112122EDEc90bC439018d3F1A487ed63,success,https://x.com/Skilt382/status/1939054195451298244,,,,0xf6f902f83fff2da62ccabe9d82f73503e92726c566fc823f196cf166ba5ebf58,0x699a34C3112122EDEc90bC439018d3F1A487ed63
71,1939114154352320987,usiclabs_,POP”,POP,2025-06-28T19:10:17.854868,2025-06-28T19:10:36.329388,0x167549c102d9e45857254015f4632d066699d1c2b388dd53d413384025c39dcf,0x695a65a16104E04cBfF1266cb52Ce69A857058c4,success,https://x.com/Usiclabs_/status/1939114154352320987,,https://pbs.twimg.com/media/GukeDAAXQAAimMa.jpg,QmNtXJdDM89ChmPfWRUsvAzeRSaYfnuMoAbX56B7JtRVCJ,0xb208500a712e32184c48242b98fb6c143805a137a83d564a006576cf8d0c4ff1,0x695a65a16104E04cBfF1266cb52Ce69A857058c4
72,1939119217422540881,rnewman1229,Mieta,MIETA,2025-06-28T19:30:27.138447,2025-06-28T19:30:37.304398,0x431ebd44cf4057b9d97c031346a894b5e1e3312f213d3298eb90408b8d8d6351,0x6961c6aD65c1533ffB8b3074cB37a34271Ba7010,success,https://x.com/rnewman1229/status/1939119217422540881,,,,0x83de4c3b89ca0e47c78376df4d3f7a901d9df33c8f40afbd19bc5df06e6c9498,0x6961c6aD65c1533ffB8b3074cB37a34271Ba7010
73,1939121913764421892,grok,Duke,DUKE,2025-06-28T19:41:29.697755,2025-06-28T19:41:48.322925,0x67bc60dca8a0aec9876b80d6ebcbaab16fc561bc0484947072b4e1cb76e04b8d,0x6995Be2CE4EA460232edD97204c3270806a5E0A9,success,https://x.com/grok/status/1939121913764421892,,,,0xaa9fdcc7b099eb42e5ffe6cac867558d7cdcac4032a6bccce5d28e36a33bc801,0x6995Be2CE4EA460232edD97204c3270806a5E0A9
74,1939173524746252423,flaunchybot,flaunch,FLNC,2025-06-28T23:06:12.395297,2025-06-28T23:06:37.353297,0xf734eec79074a82f0b10b417f65fae88fef60b1025b9171dab575561757863e0,0x692B3897Cb71e0cDE17a4678548728e861D14584,success,https://x.com/flaunchybot/status/1939173524746252423,,,,0x7c425eb83b9e7602428e5c3cf6146f8e5585e05cdafe48bca9149087fd53063f,0x692B3897Cb71e0cDE17a4678548728e861D14584
75,1939181466216448377,flaunchybot,Ticker,TICKER,2025-06-28T23:37:46.511073,2025-06-28T23:38:00.302278,0x59c3f69865d3a6210f44e6ab09728e2f536e43d9549e20838db2d74644ca258e,0x69d1b7dd4250483c28BD03834EE8D36017be0Eb8,success,https://x.com/flaunchybot/status/1939181466216448377,,,,0x0e6cbcb07b1f7e3c2aff239ad3955de39888750a4977e769dd14d59a3df665ee,0x69d1b7dd4250483c28BD03834EE8D36017be0Eb8
76,1939222938928214260,engr_ravex,Monke,MONKE,2025-06-29T02:22:34.540233,2025-06-29T02:23:00.790815,0x1742c600cf57695e75e2af988d015ef074764e33bdaac17f6d53808d2c08c7af,0x37aAC3afD641e95A69a8961Fad6431fE1a084968,success,https://x.com/engr_ravex/status/1939222938928214260,,https://pbs.twimg.com/media/GumA4Y5WAAAe-ad.jpg,QmaZJNyLkK6B6Nxs3tdgbchccA2o4JzBGvs2wY9Ufmfbzj,0xb3f3f27529ce23fc28178a06304f867d4da0e5b2b9cb74f59bf4f89920f92c4b,0x771d2AD6025424c1ffcE793a26cE5a3f38a12127
77,1939227781755486268,usiclabs_,gork ”,GORK,2025-06-29T02:41:49.872913,2025-06-29T02:42:12.196492,0xb4174798dc13c02c5654c35fd6063c80dc7c5fa3cf24fa27e4fe3f631d7e9f04,0xD99615d3794B596C39c863051EAF72bb77ac906e,success,https://x.com/Usiclabs_/status/1939227781755486268,,,,0x6b2ea0f7e2a2b60c9bc39b7df1d33f4d8468bc67ce0466b306a5e6362bf08b6c,0x3C838F217BFA49099316084E14beB2974423D9dA
